x,y,mvmax,system
8.294239357,13.12710714,997.318449054,off-grid
